-0.001616,-0.037971,0.038161
-0.020942,0.002970,-0.010310
-0.048959,-0.003315,-0.024212
0.014191,-0.032317,-0.046215
0.015462,-0.033404,-0.004950
0.020021,-0.016627,-0.027765
0.038167,-0.042338,-0.040927
-0.014472,0.000309,-0.021404
-0.035519,-0.011221,-0.049393
-0.023153,-0.055132,0.010711
-0.071671,0.027674,-0.003113
0.042315,0.008904,0.002810
0.003417,0.036330,0.013286
0.026999,0.018703,0.050103
0.047301,0.070418,-0.009094
0.021657,-0.018894,0.015832
0.039562,-0.032679,0.029489
-0.009458,0.001152,0.015130
-0.021283,0.004645,0.036279
-0.044977,0.016105,0.014515
0.016318,0.028354,0.040508
0.055219,0.051148,0.018138
-0.005547,0.002158,0.071702
-0.008599,0.027212,-0.027759
-0.008341,0.022817,-0.020453
-0.009558,0.035846,-0.037912
-0.006826,-0.001530,0.008092
-0.016681,-0.003237,0.018242
-0.040591,-0.007219,0.041164
-0.004498,-0.017069,-0.004063
-0.019492,-0.043666,-0.018474
-0.069361,-0.008251,-0.066979
0.026683,-0.065175,0.032260
0.005226,0.063814,-0.008388
0.043983,-0.048475,0.012113
-0.028796,0.034603,0.006922
-0.013502,0.009974,0.032413
-0.025675,0.030151,0.026812
-0.022194,0.028287,0.049684
-0.030305,0.041528,-0.005760
-0.007064,-0.011315,0.005477
-0.022274,-0.027583,0.007085
-0.060179,-0.039112,0.002035
0.024434,-0.025865,-0.017698
0.027760,-0.035913,-0.054027
0.012968,-0.022889,0.012610
0.020192,-0.036747,0.019355
0.030874,0.001045,0.028915
0.028149,0.022428,0.032932
0.045555,0.066734,0.033882
0.026138,-0.013959,0.054633
0.033255,-0.006453,-0.036301
0.015445,-0.016443,-0.014768
0.027970,-0.039090,-0.042760
0.011441,-0.011467,-0.015906
0.020826,-0.028905,-0.043193
0.033184,-0.038344,-0.010136
0.000980,-0.000638,-0.041748
-0.000064,-0.015115,-0.000452
-0.007732,-0.036312,-0.008641
-0.037076,-0.018636,-0.039203
-0.022630,-0.069986,-0.017437
-0.081757,0.019309,-0.077815
0.010283,-0.007023,0.019511
0.022049,-0.006861,0.043653
0.046032,0.005496,-0.006702
-0.007649,0.026251,-0.010976
-0.005713,0.031025,-0.013500
0.001178,0.019416,-0.017051
0.011673,0.041134,-0.031002
0.046928,-0.004793,-0.004725
-0.014837,0.002608,-0.011347
-0.034739,-0.002493,-0.026569
-0.019516,-0.026397,-0.039458
-0.061833,-0.056542,-0.019831
0.018581,0.007969,-0.078777
0.044472,-0.001011,0.016558
-0.006009,0.017927,0.041308
-0.003340,0.054629,0.009896
0.019824,-0.028432,0.050808
0.035724,-0.008475,-0.034707
0.008612,-0.019924,-0.019466
0.009656,-0.051256,-0.056075
-0.005345,0.007080,0.008930
-0.008793,0.018123,0.024624
-0.010731,0.048608,0.049746
0.001134,-0.003217,0.004824
0.001343,-0.005707,0.009983
0.000858,-0.009870,0.021084
-0.001830,-0.016284,0.044697
-0.010283,-0.024646,-0.015105
-0.037665,-0.049533,-0.048953
-0.037157,-0.010439,-0.009604
-0.016856,-0.040547,-0.030040
-0.062079,-0.018684,-0.049291
0.036624,-0.081797,0.005409
-0.028197,0.018434,-0.026135
-0.024672,0.025965,-0.029704
-0.029512,0.019793,-0.017229
-0.020401,0.031745,-0.032773
-0.034544,0.006372,-0.006786
-0.014559,0.001459,-0.014767
-0.034819,-0.006286,-0.035307
-0.021656,-0.038406,-0.020466
-0.068447,-0.022212,-0.069219
0.021778,-0.092781,0.019969
0.002538,-0.007922,0.002444
0.002230,-0.017281,0.002010
-0.003209,-0.039906,-0.003723
-0.027813,-0.006896,-0.029016
-0.038398,-0.035430,-0.035461
-0.027678,-0.039906,-0.034849
-0.055517,-0.025427,-0.038014
0.018128,-0.070382,-0.024599
0.006922,0.029560,-0.075468
0.027558,0.006473,0.034682
0.039080,0.036223,0.021690
0.025755,0.033648,0.068205
0.058655,0.050867,-0.018810
-0.015749,-0.008342,-0.016608
-0.042658,-0.030732,-0.044669
-0.015604,-0.055628,-0.010696
-0.065657,0.024239,-0.054169
0.052426,0.002102,0.038356
-0.022383,0.035285,0.011964
-0.028242,0.012160,0.045129
-0.024138,0.034703,-0.003236
-0.025097,0.007900,0.008407
-0.035622,0.013326,0.022796
-0.007025,0.027586,0.050376
-0.000485,0.048493,-0.007007
0.022736,-0.018443,0.007468
0.036791,-0.034029,0.009771
-0.004494,-0.003116,0.008186
-0.011894,-0.006220,0.017791
-0.030660,-0.012906,0.038833
-0.031204,-0.028134,-0.000835
-0.039500,-0.043412,-0.017623
-0.028144,-0.015244,-0.065817
-0.043622,-0.067769,0.033602
-0.027905,0.034626,-0.016408
-0.016787,0.002439,-0.023313
-0.040085,-0.007536,-0.043879
-0.010120,-0.046006,-0.000858
-0.047242,0.006340,-0.025561
0.014848,-0.009109,-0.038075
0.029043,-0.029522,-0.012775
0.015158,-0.023991,-0.043854
0.022056,-0.052203,-0.006383
0.020844,0.030042,-0.040261
0.062846,0.021697,0.012328
-0.038270,0.073181,0.043467
0.030267,-0.023293,0.030749
0.017523,-0.023968,0.016347
0.030732,-0.031402,0.027978
0.012219,-0.005349,0.018940
0.027489,-0.002402,0.043222
0.035235,0.017826,-0.003169
0.024508,0.053311,0.003097
0.068212,-0.018263,0.035286
-0.044273,-0.009168,0.009909
0.001768,-0.033376,0.016895
-0.011617,-0.013977,0.023797
-0.033575,-0.029359,0.035532
-0.032626,-0.029151,-0.001314
-0.036633,-0.041613,-0.019348
-0.034184,-0.019164,-0.068899
-0.031292,-0.080183,0.023972
-0.064073,0.005844,0.001028
0.049774,-0.007043,0.002177
-0.022422,0.000477,0.004172
-0.045942,-0.004942,0.009093
0.007830,-0.024099,0.016974
0.007520,-0.034111,0.028927
0.002370,-0.006291,0.014155
0.003230,-0.009534,0.030818
0.004496,-0.011447,0.021708
0.006112,-0.018634,0.042598
0.007427,-0.028318,-0.010862
0.003055,-0.033436,-0.039759
-0.011402,-0.032288,-0.021502
-0.044481,-0.033766,-0.065304
-0.013795,-0.055860,0.024751
-0.059677,0.037213,0.012200
0.061904,-0.004802,0.044793
-0.048173,0.024083,-0.006405
0.026902,0.024225,-0.005681
0.047507,0.049151,-0.000126
0.010980,-0.001725,0.026649
0.026722,0.008417,0.035969
0.042116,0.041023,0.019543
0.020790,0.022468,0.069344
0.064410,0.076324,-0.021924
-0.008929,-0.003347,-0.006196
-0.023334,-0.013045,-0.016936
-0.051578,-0.044614,-0.048182
-0.001392,-0.026582,-0.009682
-0.017104,-0.040134,-0.036511
-0.062788,-0.021912,-0.033625
0.037237,-0.079746,-0.033698
-0.030591,0.010506,-0.057440
-0.024477,-0.004223,0.041062
-0.041535,-0.004570,-0.001514
-0.003052,-0.025275,-0.007981
-0.020333,-0.043244,-0.031872
-0.071832,-0.014006,-0.046432
0.018925,-0.072909,0.000425
0.008815,0.032124,-0.034492
0.035415,0.014632,-0.001027
0.022587,0.046448,0.006632
0.069549,-0.001318,0.040210
-0.032356,0.033435,0.006677
-0.005584,0.011496,0.031065
-0.006051,0.035981,0.031194
0.005083,0.022350,0.043104
0.025483,0.062623,0.008369
0.070801,-0.038446,0.052595
-0.047309,0.033057,-0.041438
0.027572,-0.008622,0.013241
0.030426,-0.007010,0.028727
0.025183,0.002957,0.029331
0.042733,0.025242,0.032608
0.012076,0.064760,0.036792
0.063094,-0.028870,0.045014
-0.061327,0.005065,-0.018908
0.048218,-0.014635,-0.045743
-0.024894,-0.034166,0.004466
-0.057337,-0.025119,-0.007651
0.024151,-0.061603,-0.033719
0.009767,0.044104,-0.048972
0.042956,-0.018521,0.039632
-0.009987,-0.016754,-0.001873
-0.032349,-0.044012,-0.013354
-0.045327,-0.010001,-0.055553
0.000598,-0.057539,0.025561
-0.026061,0.046295,0.010145
-0.014032,-0.015998,0.046102
-0.039245,-0.027560,-0.018929
-0.020892,-0.053495,-0.061002
-0.079750,0.000608,0.018064
0.010527,-0.019107,0.039508
0.017591,-0.029007,-0.003491
0.027382,-0.025944,-0.021970
0.020459,-0.036164,-0.059073
0.027882,-0.026404,0.024185
0.021341,-0.019512,0.030366
0.040736,-0.029418,0.018707
-0.011173,-0.009847,0.032055
-0.030035,-0.016583,0.017874
-0.035584,-0.043703,0.032944
-0.035123,0.003613,-0.002400
-0.014336,-0.003868,-0.005687
-0.036495,-0.015923,-0.016249
-0.021516,-0.055653,-0.048637
-0.078815,0.009681,-0.012612
0.015765,-0.007327,-0.029254
0.032567,-0.022016,-0.032929
0.009478,-0.047480,-0.030647
-0.002611,0.006469,-0.049990
-0.005508,-0.002066,0.022629
-0.013072,0.000766,0.044587
-0.028644,0.012337,-0.006877
-0.025689,0.017659,-0.011706
-0.030335,0.029757,-0.020444
-0.013614,0.011926,-0.035520
-0.028363,0.012136,-0.009790
-0.026605,0.016300,-0.018759
-0.029176,0.023851,-0.038033
-0.020217,0.020569,0.001403
-0.037984,0.042909,0.012627
0.012905,-0.011048,0.049747
0.027818,-0.005532,-0.023824
0.029529,-0.011895,-0.044412
0.021228,-0.033402,0.001717
0.032629,-0.012488,-0.011534
0.015163,-0.022827,-0.032190
0.023231,-0.051098,-0.033689
0.017221,0.018689,-0.043838
0.048327,0.035812,0.015022
0.003107,0.035490,0.056241
0.027985,0.034927,-0.016571
0.049723,0.020295,-0.020759
-0.009779,0.058179,-0.037002
0.003858,-0.054699,0.017073
-0.017272,0.037762,0.013665
-0.021734,0.008510,0.050689
-0.041245,0.029999,-0.018030
0.012713,0.008515,-0.030172
0.033147,0.014541,-0.022965
0.026868,0.038160,-0.036162
0.053031,0.005661,0.006888
-0.023621,0.033509,0.021951
-0.025671,0.019324,0.063089
-0.025803,0.058677,-0.040776
-0.011004,-0.062490,0.025544
-0.056279,0.054260,0.007130
0.062050,-0.046119,0.041364
-0.069351,0.044741,-0.018858
0.055609,-0.036379,-0.026187
-0.052460,-0.003210,-0.052795
0.021186,-0.042760,0.022006
0.029064,0.016636,0.027064
0.040181,0.058486,0.045061
0.035425,-0.011427,0.023511
0.010762,-0.007676,0.039842
0.023887,-0.001484,0.001438
0.042217,0.004892,0.003891
0.001701,0.027067,0.013859
0.018293,0.040470,0.046756
0.066312,0.024920,0.009355
-0.028521,0.065638,0.038144
0.002919,-0.039851,0.040190
-0.010936,0.009653,-0.015874
-0.022116,0.014143,-0.033674
-0.041732,0.015220,-0.013519
0.006716,0.017974,-0.026800
0.023704,0.036281,-0.026599
0.060133,0.012289,-0.017076
-0.038488,0.043734,-0.031678
0.012309,-0.027957,-0.004316
0.015236,-0.030491,-0.023682
0.019999,-0.029913,-0.057860
0.029969,-0.041099,0.024386
0.009014,0.016387,0.022643
0.030878,0.049733,0.054505
0.053763,0.009550,-0.003910
-0.023968,0.039453,-0.001885
-0.023060,-0.002950,0.014021
-0.045637,-0.010065,0.030897
0.005631,-0.028980,0.018812
-0.000086,-0.022562,0.030770
-0.009948,-0.035825,0.015142
-0.040941,-0.012611,0.017796
-0.007527,-0.037867,0.034197
-0.035220,-0.000570,-0.001074
-0.016127,-0.013460,-0.004614
-0.045520,-0.039097,-0.018569
-0.011640,-0.027883,-0.066222
-0.045083,-0.059286,0.027140
-0.020493,0.035771,0.003211
-0.030952,0.008712,0.024537
-0.020410,0.018691,0.044140
-0.037248,0.052601,0.002787
0.015499,-0.037255,0.031102
0.019984,0.004610,0.007782
0.050477,0.020278,0.021911
-0.009455,0.072615,0.060274
0.016713,-0.009439,-0.008280
0.034828,-0.019758,-0.023680
0.005664,-0.043525,-0.051518
-0.010796,-0.011217,0.001701
-0.031337,-0.029852,-0.002082
-0.040104,-0.039765,-0.021471
-0.025068,-0.025448,-0.070550
-0.056314,-0.071027,0.017338
-0.000001,0.017184,0.003125
0.008747,0.042127,0.016064
0.042780,0.007544,0.059910
0.004481,0.052269,-0.037334
0.034982,-0.035925,0.015624
-0.000823,0.002765,0.021144
0.000472,0.013384,0.050787
0.010361,0.049087,-0.014715
0.048580,-0.018819,-0.010121
-0.026070,-0.032177,-0.031181
-0.055314,-0.042149,-0.042839
0.009039,-0.031939,-0.021412
0.004572,-0.027758,-0.064322
-0.006163,-0.053547,0.032556
-0.039882,0.036827,-0.004922
0.013525,-0.002989,0.004651
0.031077,-0.001087,0.010302
0.025667,0.011194,0.025642
0.045511,0.043867,0.045569
0.015397,0.025473,0.015253
0.050313,0.049310,0.049977
0.006857,0.015530,0.007677
0.024543,0.041976,0.026463
0.063629,0.016637,0.058943
-0.036597,0.080637,-0.029432
0.026350,-0.029207,0.008860
0.022837,-0.018430,0.007897
0.036578,-0.033820,0.010810
-0.003826,-0.003341,0.010765
-0.010280,-0.005674,0.023878
-0.026224,-0.009035,0.039558
-0.039839,-0.017157,-0.000411
-0.013344,-0.054439,-0.011552
-0.059703,0.021866,-0.055508
0.050906,0.009316,0.040668
-0.015025,0.052798,0.009967
-0.009028,-0.027926,0.049479
-0.033075,-0.019745,-0.032718
-0.032427,-0.069142,-0.033297
-0.058703,0.012773,-0.056580
0.043916,-0.007888,0.038733
-0.007009,0.008690,0.005641
-0.012132,0.020321,0.017481
-0.017973,0.050371,0.051351
-0.015220,-0.009311,0.001506
-0.040971,-0.026834,-0.001815
-0.015547,-0.050103,-0.019804
-0.063214,0.008012,-0.073181
0.049204,-0.026308,0.025870
-0.029506,-0.012074,0.027452
-0.034115,-0.029553,0.026850
-0.031865,-0.031762,0.019319
-0.038727,-0.028240,0.028718
-0.020088,-0.035814,0.015280
-0.065174,-0.015971,0.017622
0.037065,-0.054037,0.030891
-0.014096,0.051855,0.000975
-0.007727,-0.028358,0.027553
-0.031275,-0.025588,0.019556
-0.037038,-0.042725,0.032400
-0.031186,0.000609,-0.000683
-0.025165,-0.009167,-0.002887
-0.044558,-0.031270,-0.012746
-0.009735,-0.044334,-0.048338
-0.047860,-0.013355,-0.007077
0.007402,-0.050245,-0.025991
-0.008723,0.013939,-0.062607
-0.017018,0.009551,0.056227
-0.033103,0.035906,-0.030514
-0.004424,-0.007057,-0.010742
-0.014644,-0.021928,-0.029434
-0.047448,-0.062264,-0.041319
-0.019749,0.019283,-0.034710
-0.039314,0.027952,-0.008355
0.007558,0.017278,-0.007966
0.026313,0.041176,-0.010029
0.057173,0.006975,-0.002077
-0.033317,0.035043,0.001381
-0.002750,0.005568,0.019158
-0.002833,0.018782,0.048453
0.005039,0.060115,-0.006601
0.041777,-0.044256,0.014527
-0.021290,0.024583,0.014695
-0.036070,0.039024,0.046363
0.008073,0.010126,0.006855
0.024709,0.029187,0.021858
0.056608,0.045736,0.063567
-0.009304,0.030703,-0.022314
-0.008010,0.016049,-0.031761
-0.012716,0.025116,-0.016436
-0.018667,0.030231,-0.027376
-0.030886,0.012371,-0.020362
-0.020984,0.012496,-0.044044
-0.045781,0.008203,0.010507
0.014090,0.007854,0.026935
0.038962,0.032455,0.040231
0.025081,0.048799,0.021984
0.065531,-0.000989,0.073089
-0.040156,0.043841,-0.022463
0.016811,-0.025696,-0.026378
0.026027,-0.041749,-0.048938
0.014448,-0.007815,-0.002563
0.030510,-0.014723,-0.009312
0.019222,-0.028137,-0.028102
0.030487,-0.035684,-0.045916
0.006969,-0.019824,-0.006532
0.006423,-0.047253,-0.025182
-0.009528,0.006729,-0.063096
-0.022571,-0.008118,0.052026
-0.047490,-0.009592,-0.029581
0.007274,-0.048624,-0.036443
-0.008741,0.006537,-0.036813
-0.019472,0.000445,-0.009150
-0.046793,-0.008478,-0.022629
0.006511,-0.043411,-0.052473
-0.008760,-0.011526,0.004084
-0.026505,-0.029118,0.003563
-0.051008,-0.038027,-0.007365
0.002578,-0.028537,-0.039174
-0.010064,-0.043968,-0.020473
-0.047070,-0.005051,-0.071439
0.006446,-0.051580,0.024311
-0.009161,0.033581,0.016406
-0.004294,0.022123,0.055558
0.003573,0.064193,-0.021992
0.039539,-0.052655,-0.015141
-0.021622,0.034031,-0.060553
-0.034313,-0.008760,0.060716
-0.019302,-0.012144,-0.051267
-0.054787,-0.052560,0.015542
0.005492,0.012589,0.008141
0.019834,0.034644,0.026034
0.066046,0.032456,0.056067
-0.023054,0.063101,-0.014524
-0.014054,-0.061652,-0.004330
-0.064646,0.041283,-0.041881
0.063979,-0.034215,0.017546
-0.063256,0.008984,0.028044
0.054648,0.009743,0.034275
-0.024079,0.052937,0.025652
-0.014677,-0.026047,0.063931
-0.044920,-0.021303,-0.060898
-0.006293,-0.084338,0.032710
-0.055579,0.007155,-0.020693
0.035432,-0.008316,-0.048678
0.008691,-0.024298,0.014003
0.009332,-0.034339,0.021766
0.006231,-0.007531,0.031255
0.012696,-0.005511,0.021816
0.028691,-0.001672,0.045718
0.032850,0.020805,-0.008713
0.031423,0.057791,-0.008787
0.053324,-0.030633,0.009457
-0.042341,-0.005829,0.009961
-0.001180,-0.024730,0.018786
-0.014247,-0.035001,0.032493
-0.049941,-0.010230,0.004096
0.014498,-0.039741,0.002181
0.014904,0.000581,-0.013930
0.035229,0.001713,-0.032272
0.015011,0.005081,-0.020221
0.037420,0.010411,-0.045058
0.013481,0.022347,0.014810
0.044148,0.055998,0.047258
0.024805,-0.003423,0.017213
0.039841,0.005822,0.040684
0.009685,0.040763,0.007627
0.043920,0.008308,0.039102
0.001097,0.047538,0.012856
0.027035,-0.009012,0.054563
0.033582,0.005653,-0.033614
0.020851,0.013505,-0.015125
0.055852,0.034199,-0.028368
-0.017860,0.027392,-0.012280
-0.029621,0.024458,-0.016558
-0.017775,0.026128,-0.028842
-0.030878,0.021989,-0.018864
-0.016119,0.030843,-0.035652
-0.024902,0.008996,-0.000140
-0.035969,0.013163,0.002918
-0.007270,0.020456,0.011761
-0.006566,0.050408,0.037986
0.011405,-0.010053,0.034052
0.023945,-0.008884,0.014125
0.039012,-0.008552,0.030528
0.003972,0.002731,0.024682
0.012098,0.016082,0.042550
0.039094,0.056668,0.006908
0.035205,-0.020160,0.046807
0.008085,-0.020864,-0.020234
0.007888,-0.053936,-0.058407
-0.011029,0.012122,0.013076
-0.019655,0.029665,0.036775
-0.030324,0.034778,0.025922
-0.008811,0.015380,0.053893
-0.010683,0.051800,-0.021609
-0.000723,-0.034617,-0.022968
-0.020185,-0.025129,-0.062429
-0.063947,-0.067456,0.035694
0.015160,0.029296,-0.022270
0.049782,0.027582,-0.031347
-0.006804,0.040196,-0.008769
0.003390,-0.001298,-0.001208
0.007396,-0.002377,-0.003369
0.016327,-0.004341,-0.008873
0.036424,-0.007895,-0.022569
0.007835,-0.014260,-0.048163
0.009196,-0.047537,0.008420
-0.001361,0.019534,-0.003176
0.006355,0.045193,0.002106
0.037896,-0.005235,0.027948
0.008170,0.009432,0.032453
0.025873,0.036092,0.027529
0.057561,0.031505,0.053518
-0.019199,0.061698,-0.009330
-0.015522,-0.057028,0.007580
-0.065247,0.033707,-0.011165
0.060289,-0.006064,-0.013106
-0.047837,0.001229,-0.031353
0.013426,-0.023457,-0.026813
0.019031,-0.048376,-0.046947
0.018968,0.006361,-0.010986
0.047983,0.017870,-0.022137
-0.006899,0.051342,-0.035735
0.007389,-0.036970,0.010769
-0.000279,-0.005552,0.007633
-0.003061,-0.010823,0.015460
-0.011958,-0.021744,0.031401
-0.037893,-0.041529,0.013450
-0.029490,-0.008851,0.009500
-0.033439,-0.027826,0.016814
-0.033119,-0.039010,0.024617
-0.039088,-0.009560,0.019979
-0.010323,-0.029228,0.041036
-0.037244,-0.019877,-0.013248
-0.021550,-0.064357,-0.043476
-0.082826,0.024448,-0.029306
0.012722,0.004169,-0.021848
0.031410,0.006926,-0.045041
0.026111,0.012016,0.012727
0.044214,0.041675,0.037743
0.017010,0.027674,0.032805
0.056148,0.050436,0.036250
-0.007219,0.010207,0.041351
-0.010090,0.035781,0.005871
-0.005941,0.013041,0.031424
-0.006114,0.039676,0.031089
0.006775,0.013460,0.045200
0.025188,0.049508,-0.001004
0.064479,-0.010312,0.023614
-0.049805,0.004709,0.041608
0.023519,0.008526,0.000380
0.048047,0.028352,0.006349
-0.000388,0.050343,0.031757
0.025832,-0.009914,0.049220
0.035740,0.001313,-0.021351
0.014135,0.007935,-0.046506
0.035439,0.008182,0.015870
0.020151,0.036666,0.043809
0.068705,0.033652,0.014594
-0.018172,0.047306,0.055155
-0.017038,-0.000779,-0.009132
-0.041583,-0.010587,-0.023076
-0.007022,-0.046866,-0.052197
-0.042832,-0.007683,0.001018
-0.001378,-0.032307,-0.003548
-0.019627,-0.024396,-0.024706
-0.060360,-0.056447,-0.054108
0.013392,-0.003191,-0.001869
0.030332,-0.003790,-0.005395
0.025313,-0.000749,-0.013278
0.038440,0.002221,-0.030856
0.007659,0.007838,-0.023190
0.021072,0.013564,-0.040251
0.054386,0.026038,0.004075
-0.016814,0.057231,0.025481
-0.010312,-0.033950,0.066849
-0.038288,0.000021,-0.057655
-0.011327,-0.031931,0.035949
-0.041251,-0.015446,-0.002487
-0.009217,-0.051510,-0.015731
-0.048578,0.014844,-0.063830
0.020382,-0.001977,0.052377
0.050363,0.019526,-0.025202
-0.011914,0.055074,-0.027460
-0.002322,-0.044807,-0.007402
-0.028325,0.003892,-0.040218
-0.032339,-0.013541,-0.003308
-0.029613,-0.044259,-0.016297
-0.052140,-0.009479,-0.062576
0.016798,-0.060903,0.042272
0.011826,0.065309,-0.030683
0.059396,-0.050132,0.006609
-0.066752,0.041867,-0.006295
0.061016,-0.024453,0.002546
-0.057988,-0.020345,-0.003089
0.028322,-0.069005,-0.020458
-0.003243,0.037631,-0.082002
0.006962,-0.018392,0.022587
0.008580,-0.034124,0.037147
0.005310,-0.003166,-0.005451
0.010840,-0.007618,-0.014352
0.021393,-0.019385,-0.037583
0.037278,-0.051746,-0.018763
-0.015943,0.029897,-0.068871
-0.026614,0.000246,0.049482
-0.033770,0.008211,-0.019518
-0.016127,0.001870,-0.044250
-0.039837,-0.015656,0.005930
-0.012281,-0.048735,0.004359
-0.053513,0.013884,-0.014559
0.034164,0.010505,-0.030544
0.022040,0.026325,-0.020009
0.059464,0.037734,-0.033578
-0.024989,0.018408,0.002124
-0.030940,0.036391,0.013034
-0.007175,0.007021,0.047813
-0.011254,0.030333,-0.011168
-0.012301,0.020000,-0.012098
-0.020015,0.039688,-0.019542
-0.028990,-0.008079,-0.027881
-0.036118,-0.038273,-0.038826
-0.034720,-0.033471,-0.028110
-0.035126,-0.040913,-0.051261
-0.039035,-0.030972,0.000352
-0.022136,-0.038841,-0.016596
-0.067323,-0.020041,-0.060208
0.026000,-0.090429,0.030571
-0.005851,0.002641,-0.017010
-0.013520,-0.001305,-0.039642
-0.034961,-0.020841,-0.006544
-0.027156,-0.063665,-0.027816
-0.068294,0.029454,-0.066683
0.048103,-0.015417,0.051873
-0.020128,-0.003536,-0.029331
-0.051360,-0.024940,-0.032643
0.008699,-0.068369,-0.036989
-0.015234,0.027101,-0.045309
-0.025139,0.015020,0.021123
-0.031328,0.034575,0.055748
-0.005021,0.025472,-0.017572
-0.000147,0.031566,-0.029530
0.013954,0.014634,-0.013617
0.040000,0.035101,-0.024544
0.020685,0.021225,-0.021764
0.058981,0.048892,-0.036317
-0.018393,-0.009347,0.014228
-0.047940,-0.023736,0.028426
0.004178,-0.049752,0.017768
-0.013998,0.026272,0.017816
-0.019443,0.038458,0.055035
-0.024507,0.019912,-0.013331
-0.032115,0.034997,-0.023144
-0.006873,-0.002096,-0.028769
-0.018920,-0.016893,-0.032605
-0.055313,-0.057566,-0.031434
0.001899,0.008725,-0.056390
0.006084,0.002697,0.039286
0.017860,0.021573,0.007720
0.053877,0.056946,0.030138
0.001161,-0.008152,0.059108
0.001655,0.000598,-0.045344
0.001988,-0.013134,0.008799
-0.001372,-0.027806,0.014572
-0.016456,-0.029116,0.020869
-0.052860,-0.028914,0.034516
0.013657,-0.036982,0.000371
0.014182,-0.006900,-0.016920
0.029614,-0.017411,-0.043197
0.018329,-0.046156,-0.003941
0.020548,0.015155,-0.031586
0.055129,0.032556,-0.015874
-0.016328,0.035243,-0.018921
-0.022365,0.003983,-0.028435
-0.045955,-0.007409,-0.031140
0.004616,-0.043414,-0.031547
-0.012247,-0.005174,-0.046047
-0.034171,-0.031803,0.006897
-0.033853,-0.033050,-0.001118
-0.035639,-0.032634,-0.020892
-0.032149,-0.040817,-0.068051
-0.046943,-0.035807,0.015276
-0.004898,-0.024942,0.016274
-0.023369,-0.036573,0.026194
-0.061102,-0.011612,0.017914
0.041183,-0.042160,0.033972
-0.017850,0.025856,-0.000248
-0.029765,0.032146,0.011443
-0.012188,0.017032,0.041945
-0.018527,0.050642,0.007617
-0.018597,-0.024720,0.042607
-0.054696,-0.032891,-0.015163
0.013575,-0.044645,-0.055434
0.007363,-0.007208,0.010898
0.014546,-0.011146,0.022821
0.030348,-0.014194,0.040588
0.022370,-0.010293,-0.002626
0.041235,-0.018029,-0.010308
-0.008122,-0.032799,-0.031599
-0.037399,-0.034817,-0.041254
-0.030051,-0.042971,-0.020641
-0.050665,-0.014154,-0.072340
0.010445,-0.074845,0.017424
-0.011576,0.030336,0.004761
-0.012273,0.025195,0.025973
-0.015449,0.044325,0.049882
-0.012282,0.005498,0.002122
-0.026512,0.009758,0.007208
-0.031371,0.016896,0.020787
-0.015504,0.036870,0.056581
-0.015805,0.025536,-0.017625
-0.025903,0.027800,-0.030164
-0.025673,0.014840,-0.015273
-0.031959,0.021834,-0.030382
-0.014188,0.027015,-0.018038
-0.021318,0.024665,-0.030331
-0.038214,0.023809,-0.016211
0.002463,0.024931,-0.028768
0.016916,0.031623,-0.018628
0.055326,0.023820,-0.027883
-0.021768,0.052195,-0.018655
-0.022788,-0.038273,-0.019595
-0.065630,-0.022618,-0.067128
0.028413,-0.090174,0.024906
-0.011777,0.002168,-0.003218
-0.027236,0.000185,-0.007198
-0.035148,-0.011036,-0.018481
-0.022405,-0.044264,-0.051463
-0.071136,-0.018787,-0.000206
0.020511,-0.068701,-0.013442
0.014020,0.038094,-0.065465
0.049295,-0.008230,0.063222
-0.018819,0.017829,-0.050486
-0.038606,0.019527,0.028684
0.003503,0.043382,0.039250
0.032030,0.010525,0.028020
0.030080,0.045182,0.039868
0.052662,0.015285,0.028772
-0.016834,0.063691,0.041482
-0.006331,-0.039499,0.031819
-0.033296,0.002937,0.003854
-0.018729,-0.002791,0.009018
-0.045725,-0.009911,0.019231
0.005334,-0.032529,0.038739
-0.001574,-0.007533,-0.008623
-0.007960,-0.021411,-0.024463
-0.030961,-0.059615,-0.052613
-0.058410,0.014680,-0.005558
0.046721,0.013777,-0.008869
-0.005264,0.045558,-0.011981
0.009593,-0.014677,-0.006131
0.015291,-0.033939,-0.021518
0.018515,-0.020928,-0.064756
0.030567,-0.065375,0.035631
-0.003992,0.065755,-0.016352
0.022514,-0.049561,-0.006420
0.021067,0.023864,-0.039004
0.059611,0.036961,0.006244
-0.023737,0.033577,0.036390
-0.024636,0.023934,0.028594
-0.027699,0.044093,0.042366
-0.009608,-0.000536,0.019364
-0.022273,0.001970,0.045550
-0.043483,0.012469,-0.009038
0.009750,0.012307,-0.017550
0.028588,0.026827,-0.035320
0.043294,0.033614,-0.000708
0.013255,0.033825,0.017280
0.049470,0.029302,0.058892
-0.000688,0.066060,-0.023685
0.030200,-0.050176,-0.010374
0.002184,0.026580,-0.048382
0.016093,0.021048,0.029080
0.050457,0.064731,0.041798
0.013813,-0.014476,0.034950
0.027537,-0.018358,0.009887
0.025475,-0.031418,0.015839
0.024173,-0.011108,0.023436
0.037820,-0.010691,0.039620
0.006208,0.000252,0.001815
0.015060,0.003278,0.004776
0.037885,0.014449,0.013810
0.017332,0.051778,0.042139
0.069436,-0.003978,0.026001
-0.034668,0.022301,0.039314
-0.003993,0.048227,0.015417
0.015338,-0.011502,0.060775
0.033961,-0.002130,-0.050296
0.015221,-0.010538,0.020891
0.032168,-0.013160,0.045441
0.018779,-0.005596,-0.013621
0.041422,-0.011660,-0.034427
-0.006592,-0.025546,-0.021444
-0.029606,-0.048264,-0.061829
-0.056436,-0.015080,0.022222
0.028509,-0.047461,0.036507
0.009930,0.035150,-0.009592
0.040839,0.016069,-0.004863
0.010145,0.050412,-0.001551
0.049385,-0.017670,0.022004
-0.025814,-0.018453,0.041022
-0.045454,-0.039052,-0.008600
-0.011275,-0.024646,-0.042360
-0.041399,-0.058951,-0.011603
-0.031070,0.023284,-0.059289
-0.017034,0.014209,0.051847
-0.031031,0.045578,-0.017713
-0.003903,-0.025225,-0.021113
-0.023000,-0.048025,-0.062326
-0.072137,-0.013614,0.023858
0.021907,-0.048644,0.032543
0.024925,0.034458,-0.001036
0.057581,0.025574,0.015998
-0.024088,0.063379,0.053917
-0.008019,-0.038518,0.001570
-0.038354,-0.010054,-0.015906
-0.014118,-0.042127,-0.044976
-0.057069,-0.018973,-0.014231
0.026254,-0.069131,-0.046367
0.000344,0.028004,-0.022391
0.013705,0.025694,-0.032445
0.043994,0.032318,-0.008891
0.010525,0.034428,-0.002900
0.042235,0.020225,0.010806
0.009670,0.066039,0.038062
0.058043,-0.026191,0.042497
-0.049751,-0.003863,-0.011803
0.016432,-0.029755,-0.032639
0.022779,-0.034258,-0.036015
0.026606,-0.022502,-0.029877
0.023640,-0.047288,-0.038484
0.017909,0.008117,-0.030446
0.045356,0.015228,-0.022249
-0.001946,0.044112,-0.036921
0.015558,-0.018426,0.010236
0.028497,-0.035460,0.016039
0.014935,-0.000371,0.022045
0.036627,0.011440,0.047851
0.020537,0.055512,-0.006861
0.076516,-0.028171,0.012378
-0.030516,-0.003012,0.019335
-0.027574,-0.010929,0.043199
-0.037374,-0.020922,-0.010132
-0.021607,-0.065810,-0.036555
-0.083071,0.023261,-0.046582
0.010679,0.001167,0.018853
0.027059,0.012633,0.046194
0.043929,0.054623,-0.002781
0.022138,-0.016888,0.022858
0.039766,-0.025380,0.038010
-0.005870,-0.013390,-0.001583
-0.020810,-0.034500,-0.010773
-0.067546,-0.028038,-0.044049
0.022276,-0.070160,-0.012075
0.011055,0.035647,-0.062838
0.041114,-0.002494,0.068130
0.003856,0.030451,-0.036293
0.022630,0.016379,0.002194
0.054191,0.047436,0.014567
-0.005124,0.009500,0.061258
-0.004440,0.041425,-0.041974
0.007999,-0.014517,0.020849
0.012908,-0.025095,0.042992
0.020466,-0.021365,-0.014695
0.037516,-0.046993,-0.044795
-0.015438,0.009934,-0.014516
-0.032671,0.013767,-0.030513
-0.016526,0.011856,-0.021793
-0.034675,0.015575,-0.042791
-0.011444,0.011418,0.008368
-0.021236,0.026274,0.025144
-0.034830,0.038482,0.051957
0.005118,0.013698,-0.006729
0.018750,0.032215,-0.008984
0.060490,0.026228,-0.004436
-0.031740,0.055973,0.005532
0.004153,-0.042567,0.039627
-0.009372,0.016371,-0.015823
-0.015015,0.030745,-0.030115
-0.022034,0.011444,-0.013372
-0.042264,0.015562,-0.027352
0.007466,0.014003,-0.028934
0.023405,0.026324,-0.023446
0.056028,0.037045,-0.029609
-0.016920,0.020231,-0.007880
-0.030735,0.040105,-0.009571
-0.006938,-0.009325,-0.004369
-0.021470,-0.026066,-0.015456
-0.062472,-0.049985,-0.051060
0.021825,-0.018330,-0.006031
0.038351,-0.038562,-0.022493
-0.012103,-0.002512,-0.063582
-0.033374,-0.031236,0.046115
-0.033514,-0.021069,-0.027547
-0.031780,-0.069978,-0.046344
-0.061321,0.006641,-0.025769
0.048651,-0.013152,-0.038133
-0.024808,-0.027941,-0.012969
-0.055304,-0.045786,-0.046219
0.007028,-0.024368,-0.015148
0.003862,-0.044443,-0.048051
-0.015391,-0.008466,-0.007139
-0.041389,-0.027753,-0.022073
-0.016018,-0.054797,-0.063171
-0.068857,0.004622,0.020760
0.038713,-0.004981,0.048506
0.007372,0.017163,-0.016532
0.025382,0.037984,-0.030578
0.056774,0.007449,-0.006627
-0.032353,0.034527,-0.009282
-0.005845,0.003567,-0.006548
-0.012520,0.004398,-0.014166
-0.028445,0.001620,-0.032298
-0.032794,-0.016373,-0.023389
-0.030946,-0.057875,-0.053904
-0.057641,0.010095,-0.001602
0.042788,0.004391,-0.001664
-0.000193,0.024206,0.000357
0.011659,0.042178,0.012946
0.049614,0.007354,0.052627
-0.012317,0.051664,-0.019673
-0.004602,-0.034192,-0.021821
-0.029190,-0.027055,-0.065151
-0.046992,-0.066759,0.029237
-0.019560,0.034461,-0.005636
-0.029819,0.009206,0.002778
-0.023960,0.012998,0.009753
-0.035725,0.026343,0.028621
0.000021,0.034647,0.042951
0.019521,0.031484,0.014628
0.063149,0.036104,0.051694
-0.028373,0.051956,-0.002390
-0.006301,-0.034481,0.018845
-0.031364,-0.013374,0.027503
-0.030322,-0.033264,0.025984
-0.042834,-0.021911,0.019723
-0.007554,-0.055315,0.034061
-0.044016,0.041094,-0.009475
0.025317,-0.016087,-0.004307
0.031209,-0.031461,-0.017077
0.008794,-0.020067,-0.055000
0.008244,-0.063382,0.021911
-0.010884,0.058505,0.016332
0.004045,-0.038069,0.067757
-0.005976,0.014957,-0.056826
-0.009652,0.014828,0.043051
-0.013511,0.046587,0.003997
-0.008811,-0.014560,0.032174
-0.026738,-0.027025,0.015351
-0.048814,-0.039179,0.021854
-0.001784,-0.015309,0.025716
-0.010634,-0.028626,0.030768
-0.038200,-0.024843,0.011588
-0.020507,-0.049471,0.013376
-0.073098,0.015909,0.006221
0.033488,0.015746,0.019175
0.028762,0.055202,0.055393
0.061602,-0.003937,-0.003406
-0.049429,0.009986,-0.007033
0.022825,0.005056,-0.014293
0.047239,0.014933,-0.030506
-0.007006,0.041281,-0.017231
0.003027,-0.006783,-0.020910
0.002801,-0.022178,-0.053235
-0.007054,-0.063783,0.016335
-0.047940,0.050590,0.006812
0.040260,-0.034669,0.039185
-0.011636,0.009374,-0.009013
-0.023584,0.015531,-0.017444
-0.036717,0.023458,-0.035123
-0.002238,0.019967,-0.006128
0.004325,0.044951,-0.004780
0.032577,-0.007630,0.011263
0.018856,-0.003629,0.024745
0.044507,0.005857,0.039963
-0.001490,0.042160,0.009601
0.017997,0.001900,0.043962
0.046179,0.025195,-0.003264
0.002020,0.054063,0.007102
0.032217,-0.026224,0.044113
0.012062,-0.011855,-0.016974
0.022064,-0.029982,-0.045909
0.029959,-0.036263,-0.004119
0.010031,-0.004683,-0.026482
0.020319,-0.016681,-0.038522
0.038315,-0.045952,-0.015219
-0.015348,0.017570,-0.057449
-0.030785,0.017745,0.045379
-0.015252,0.047293,-0.001168
-0.012881,-0.018550,0.020092
-0.039068,-0.041950,0.038121
-0.025658,-0.000014,-0.014074
-0.039362,-0.013278,-0.034942
-0.014270,-0.056515,-0.025061
-0.063631,0.022017,-0.069050
0.055414,0.003131,0.042729
-0.028792,0.040202,0.002172
-0.010949,-0.004995,0.023854
-0.027483,-0.007642,0.039921
-0.036113,-0.014126,-0.000646
-0.020751,-0.046029,-0.010413
-0.073149,-0.000334,-0.048949
0.022486,-0.041498,0.013212
0.026149,0.011120,0.011966
0.043637,0.039293,0.035478
0.017085,0.032423,0.037001
0.058911,0.040506,0.028596
-0.019174,0.032320,0.054827
-0.026943,0.034607,-0.015889
-0.019070,0.002978,-0.022033
-0.045210,-0.006581,-0.046783
0.002466,-0.046400,0.006307
-0.016988,0.013868,-0.007996
-0.034083,0.024830,-0.013033
-0.006745,0.024926,-0.020451
-0.004686,0.031338,-0.036773
0.002626,0.011252,0.003359
0.012073,0.028898,0.013789
0.044006,0.039527,0.048022
0.016947,0.036167,0.007144
0.058960,0.021554,0.036013
-0.028396,0.080122,0.027619
0.009337,-0.008689,0.072605
0.021611,0.006539,-0.030279
0.050084,0.012746,-0.023252
-0.014540,0.039420,-0.035527
-0.016832,-0.010941,0.003927
-0.045518,-0.030462,0.003078
-0.006243,-0.041312,-0.010148
-0.036090,-0.006686,-0.045233
-0.019313,-0.043093,0.003003
-0.067574,-0.002400,-0.015332
0.036464,-0.033375,-0.041237
-0.005934,-0.021792,-0.016267
-0.025898,-0.055295,-0.050088
-0.068230,0.006882,-0.009183
0.039844,-0.009350,-0.021926
-0.001039,-0.016383,-0.050257
-0.013189,-0.056270,0.011922
-0.059073,0.034120,-0.000290
0.058289,-0.001368,0.013413
-0.039383,0.020629,0.034301
0.006195,0.047630,0.026333
0.039944,-0.003040,0.061163
0.006033,0.026433,-0.045763
0.025353,0.023556,0.022938
0.052306,0.059775,0.058201
0.007735,-0.006086,-0.006655
0.015118,-0.014191,-0.018569
0.028124,-0.035081,-0.050737
0.012678,-0.023660,0.005179
0.018742,-0.037476,0.001186
0.026132,-0.003752,-0.014966
0.034893,-0.005249,-0.036354
0.012128,-0.013037,-0.013958
0.021782,-0.031782,-0.039286
0.030064,-0.029844,-0.020869
0.012152,-0.025579,-0.063317
0.013100,-0.055895,0.036428
0.005196,0.050154,-0.014393
0.036780,-0.022984,-0.009076
0.000114,-0.035811,-0.031353
-0.019201,-0.024790,-0.042934
-0.060452,-0.061440,-0.010699
0.013286,0.023185,-0.059324
0.040392,0.029220,0.054100
0.020738,0.061633,-0.012724
0.079764,-0.044694,0.001430
-0.031559,0.033928,-0.014939
-0.008325,0.003379,-0.020333
-0.019231,-0.001474,-0.047343
-0.049086,-0.025717,0.011497
0.005082,-0.051041,0.012177
-0.012762,0.027792,0.003850
-0.016425,0.030580,0.022462
-0.022859,0.028896,0.060762
-0.027858,0.043545,-0.031977
-0.013218,-0.024060,-0.003164
-0.043791,-0.047933,-0.020255
-0.020274,-0.006741,-0.074586
-0.055576,-0.047738,0.017282
0.009877,0.001376,0.014673
0.025038,0.011473,0.036265
0.047685,0.047867,0.020279
0.010934,0.008205,0.074805
0.033985,0.048197,-0.016492
0.042017,-0.009408,-0.013635
-0.005848,-0.013035,-0.035204
-0.022260,-0.044850,-0.022636
-0.070333,-0.007730,-0.069414
0.024499,-0.065064,0.026649
0.010224,0.061481,0.004975
0.055436,-0.041934,0.043147
-0.051356,0.033125,-0.021359
0.038287,-0.003439,-0.034936
0.004990,-0.007106,-0.016274
0.007564,-0.020752,-0.042214
0.005598,-0.061168,-0.009065
-0.017652,0.045097,-0.051977
-0.022255,-0.031036,0.045944
-0.060009,-0.017896,-0.026482
0.033209,-0.071620,-0.048631
-0.017643,0.023615,-0.017873
-0.031271,0.031697,-0.031810
-0.010973,0.003186,-0.009658
-0.025127,0.000740,-0.022048
-0.040655,-0.013956,-0.048170
-0.012181,-0.062977,0.006164
-0.060306,0.047417,-0.017359
0.067031,-0.039263,-0.020812
-0.060401,0.009283,-0.066042
0.045759,-0.019952,0.043715
-0.017199,-0.017882,-0.012210
-0.050675,-0.052558,-0.038995
-0.007066,-0.004224,-0.035575
-0.020786,-0.024314,-0.017405
-0.062725,-0.054596,-0.054812
0.019938,-0.008641,0.000621
0.043381,-0.013808,-0.001839
-0.010720,-0.019167,-0.009133
-0.035673,-0.052445,-0.031955
-0.042527,0.002853,-0.051601
0.000530,-0.024554,0.022678
-0.009877,-0.033556,0.033527
-0.038717,-0.011885,0.002565
-0.013241,-0.040467,-0.001746
-0.051980,-0.008240,-0.025069
0.018910,-0.045384,-0.046778
0.020184,-0.000776,-0.009901
0.047376,0.001573,-0.023052
-0.013642,0.011869,-0.041728
-0.028769,0.009923,0.005023
-0.026000,0.015810,0.015534
-0.029153,0.034312,0.043746
-0.010953,0.022825,0.011102
-0.014221,0.045474,0.037410
-0.009394,-0.000999,0.032579
-0.021333,0.005340,0.021134
-0.045267,0.012701,0.051072
0.017138,0.032302,-0.018026
0.056227,0.022470,-0.026093
-0.024508,0.056319,-0.023566
-0.014421,-0.050683,-0.016720
-0.060657,0.010803,-0.066041
0.047131,-0.016402,0.044465
-0.018668,-0.008685,-0.012161
-0.049585,-0.031043,-0.034353
0.001319,-0.053756,-0.035862
-0.025518,0.017016,-0.041067
-0.032533,0.018491,0.005422
-0.012698,0.035175,0.020583
-0.011745,0.018525,0.066166
-0.015511,0.062434,-0.033122
-0.007526,-0.065490,0.009635
-0.050258,0.044116,-0.010084
0.041720,-0.025596,-0.004566
-0.012780,-0.026416,-0.021630
-0.044845,-0.048310,-0.062129
-0.020036,-0.020149,0.022154
-0.056873,-0.047470,0.035954
0.014047,0.006528,-0.012544
0.036222,0.016109,-0.026027
0.020146,0.041915,-0.027905
0.067731,-0.002806,-0.011315
-0.040025,0.012096,-0.025071
0.000495,0.007224,-0.036009
0.002995,0.005434,-0.010267
0.009364,0.010567,-0.021682
0.026589,0.021161,-0.042406
0.044886,0.044133,0.013302
0.015409,0.013874,0.056115
0.046586,0.057015,-0.026464
0.015796,-0.029615,-0.005888
0.022667,-0.025889,-0.028097
0.031454,-0.039910,-0.044632
0.002608,-0.008968,-0.011668
0.001168,-0.024462,-0.032251
-0.011052,-0.051872,-0.035060
-0.054114,0.008655,-0.042660
0.031580,-0.011565,0.003622
0.018890,-0.015917,0.004456
0.037430,-0.030276,0.003641
-0.004451,-0.013921,-0.004560
-0.017830,-0.036288,-0.018086
-0.061679,-0.025207,-0.062278
0.031758,-0.081049,0.033220
-0.014797,0.027870,-0.018365
-0.022362,0.022308,-0.030715
-0.036914,0.028968,-0.016525
0.001919,0.012924,-0.026872
0.009707,0.022583,-0.029190
0.033042,0.039510,-0.018429
0.039829,0.010403,-0.022656
0.008838,0.030599,-0.038636
0.034498,0.016905,0.008119
0.026373,0.054627,0.029589
0.065734,-0.011958,0.057884
-0.045915,0.012615,-0.041093
0.014035,0.001161,0.002264
0.034251,0.008209,0.006696
0.022545,0.033277,0.021827
0.063824,0.035225,0.065577
-0.026505,0.058910,-0.022403
-0.008292,-0.057156,-0.018306
-0.049319,0.027794,-0.072762
0.028179,-0.007148,0.037458
0.030922,0.004789,0.008272
0.028873,0.024516,0.023720
0.044408,0.058914,0.056988
0.026127,-0.007064,-0.004580
0.033769,-0.009708,-0.013176
0.013746,-0.016348,-0.034669
0.022958,-0.046062,-0.024593
0.020846,0.009590,-0.063082
0.051484,0.008850,0.055008
-0.015921,0.056658,-0.024525
-0.010965,-0.048951,-0.013828
-0.051385,0.008776,-0.058087
0.024345,-0.015507,0.040705
0.036073,-0.015394,-0.003861
0.005860,-0.026069,-0.015125
0.000220,-0.040759,-0.048906
-0.022299,-0.018775,-0.003435
-0.056243,-0.053469,-0.018715
0.006806,0.002857,-0.074294
0.013988,-0.015664,0.024133
0.026819,-0.024746,0.035166
0.025260,-0.020170,0.004886
0.029762,-0.038179,0.002859
0.009893,0.002159,-0.010765
0.024196,0.004872,-0.024165
0.043376,0.011659,-0.038576
0.000189,0.029475,0.000234
0.015201,0.029665,0.015307
0.051943,0.039240,0.052191
-0.001965,0.040889,-0.002572
0.015618,0.000722,0.014196
0.038413,0.011663,0.035084
0.015740,0.052386,0.023867
0.065021,-0.012051,0.069915
-0.047064,0.016164,-0.035609
0.018832,0.011090,-0.009131
0.050115,0.029750,-0.015345
-0.005716,0.040458,-0.019309
0.005596,-0.005078,-0.026225
0.009530,-0.019017,-0.039555
0.011301,-0.055478,-0.014457
-0.001442,0.031595,-0.061741
0.009262,0.003395,0.063348
0.027011,0.032321,-0.046375
0.049260,0.016266,0.028394
-0.008227,0.064776,0.042706
0.014852,-0.033629,0.029865
0.020189,-0.004687,0.012520
0.046555,-0.000305,0.028601
-0.010035,0.024324,0.033791
-0.010143,0.049760,0.030867
0.002172,-0.012069,0.050570
0.001688,-0.011276,-0.026839
-0.002943,-0.035343,-0.041382
-0.026778,-0.030269,-0.018875
-0.052052,-0.042845,-0.061604
-0.000046,-0.035444,0.023269
-0.016670,-0.007513,0.026638
-0.042282,-0.014639,0.031718
-0.004639,-0.038524,0.014729
-0.029617,-0.004526,0.015723
-0.030662,-0.015452,0.033850
-0.032722,-0.035883,0.009805
-0.039213,-0.021843,0.003866
-0.016970,-0.059555,-0.003639
-0.070534,0.035526,-0.039326
0.047150,-0.021563,0.008266
-0.023104,-0.029971,0.011339
-0.059177,-0.032261,0.010972
0.025909,-0.038933,0.007144
0.018942,0.004106,-0.001089
0.047290,0.015770,0.000397
-0.005165,0.053601,0.011199
0.015012,-0.026148,0.053320
0.025486,-0.014703,-0.039810
0.029721,-0.039930,-0.010891
0.008427,0.001749,-0.044519
0.018797,-0.007850,0.007740
0.041405,-0.009923,0.015521
-0.003185,-0.004750,0.034219
-0.008279,-0.001013,0.015648
-0.019518,0.000036,0.036495
-0.044824,0.005744,0.011783
0.010636,0.002720,0.028805
0.028231,0.019651,0.033020
0.043977,0.067403,0.032286
0.030167,-0.013420,0.058704
0.024096,-0.002463,-0.045563
0.038877,-0.013045,0.008915
0.000969,-0.015260,0.016736
-0.004477,-0.030584,0.032435
-0.024374,-0.017554,0.006933
-0.050153,-0.047786,0.006580
-0.003648,-0.000269,-0.010668
-0.009389,-0.005414,-0.025823
-0.026448,-0.024682,-0.041434
-0.051175,-0.063613,-0.014595
-0.010177,0.025977,-0.069261
-0.014806,0.011409,0.046876
-0.027354,0.037968,-0.007117
-0.015969,-0.002272,0.000600
-0.039289,-0.010555,-0.000500
-0.011364,-0.038501,-0.008438
-0.046843,-0.014546,-0.039994
0.002728,-0.063725,-0.013990
-0.026039,0.043880,-0.065176
-0.019060,-0.035321,0.064802
-0.059994,-0.000299,-0.063671
0.040111,-0.041938,0.044613
-0.014644,0.028514,-0.025632
-0.022038,0.018398,-0.025188
-0.039368,0.028248,-0.031678
0.006668,0.008779,-0.012103
0.019726,0.019178,-0.024216
0.055544,0.044357,-0.031526
-0.012202,0.001948,0.000334
-0.028185,0.000702,0.001162
-0.032200,-0.007330,0.001719
-0.026589,-0.027687,-0.001165
-0.050329,-0.043052,-0.017958
-0.002088,-0.019826,-0.066981
-0.018255,-0.070428,0.029832
-0.077370,0.035467,-0.007454
0.032371,-0.013076,-0.003956
0.015866,-0.021793,-0.014379
0.026320,-0.047397,-0.044484
0.011146,0.007270,-0.016021
0.029485,0.015758,-0.034115
0.035676,0.036134,-0.009079
0.032313,0.022470,-0.001856
0.033883,0.056427,0.008412
0.047621,-0.020818,0.050020
-0.021770,-0.017229,-0.027625
-0.057945,-0.057660,-0.043651
0.007534,0.003999,-0.027358
0.018645,0.002954,-0.032211
0.044445,0.002540,-0.020575
-0.006027,0.014031,-0.045703
-0.009681,0.016304,0.015989
-0.014195,0.041086,0.045898
-0.011103,0.012332,0.010090
-0.019877,0.029148,0.029737
-0.031464,0.033594,0.042480
-0.005849,0.023349,0.013655
-0.001627,0.046774,0.044030
0.021697,0.002298,0.018030
0.050172,0.018736,0.045343
-0.008326,0.076636,0.003462
0.018584,-0.018385,0.046180
0.037552,-0.022370,-0.018680
-0.001905,-0.040222,-0.053971
-0.027364,-0.022454,0.008839
-0.045357,-0.052488,0.008539
-0.017368,0.013225,-0.008095
-0.035319,0.023134,-0.013612
-0.004666,0.028376,-0.022745
0.001894,0.023015,-0.031662
0.014453,0.035048,-0.012693
0.051447,0.016787,-0.012102
-0.015222,0.053253,-0.017971
-0.010668,-0.038391,-0.017104
-0.045557,-0.017465,-0.060624
-0.002837,-0.077152,0.033940
-0.043661,0.025899,-0.019869
0.016349,0.016900,-0.036740
0.045703,0.033610,-0.002887
0.007385,0.033911,0.012187
0.035223,0.025442,0.046464
0.030826,0.066398,0.003386
0.059662,-0.029840,0.042836
-0.055431,0.005513,-0.014357
0.034573,-0.010082,-0.034343
0.010579,-0.024029,-0.021199
0.012219,-0.046088,-0.060799
0.003133,-0.005997,0.022938
0.005639,-0.005650,0.042314
0.012773,0.002476,-0.003716
0.031593,0.008939,-0.007009
0.028580,0.029569,-0.010709
0.045913,0.035259,-0.009392
0.007382,0.027870,-0.002532
0.031458,0.034980,0.008249
0.042686,0.029599,0.038787
0.014677,0.056386,0.024195
0.064495,-0.021861,0.071077
-0.053169,-0.002538,-0.037760
0.023970,-0.036379,-0.013643
0.023817,-0.009575,-0.049612
0.035785,-0.031493,0.015025
-0.000558,-0.007764,0.021969
-0.004117,-0.011427,0.043563
-0.013379,-0.014173,-0.010079
-0.039579,-0.041707,-0.031855
-0.027812,-0.024090,-0.046667
-0.047879,-0.067228,-0.001856
-0.019227,0.022680,-0.040445
-0.036654,0.025881,0.007083
0.000935,0.028261,0.028043
0.017768,0.042086,0.047127
0.065882,0.021003,0.009251
-0.031512,0.074826,0.035915
0.014554,-0.019623,0.049965
0.027485,-0.025412,-0.028550
0.020150,-0.039595,-0.043069
0.026228,-0.012969,-0.015811
0.030014,-0.027537,-0.042977
0.012320,-0.038481,-0.009509
0.009740,-0.007055,-0.041361
0.017693,-0.027409,-0.004148
0.028392,-0.029951,-0.022737
0.016003,-0.026502,-0.059193
0.022053,-0.051031,0.029078
0.023209,0.039058,0.006061
0.064339,0.016370,0.035182
-0.036223,0.072314,0.027282
0.024129,-0.030078,0.069115
0.030724,0.002999,-0.048579
0.025610,0.001218,0.019188
0.040334,0.017845,0.047769
0.014872,0.072036,-0.003275
0.071414,-0.023897,0.028930
-0.039751,-0.009415,0.022450
-0.008540,-0.028277,0.039627
-0.032577,-0.022027,-0.009314
-0.033587,-0.061297,-0.034913
-0.052088,0.023728,-0.048851
0.033963,0.009621,0.026063
0.024907,0.043012,0.044193
0.064163,0.020192,0.017086
-0.035637,0.075361,0.054157
0.025596,-0.013639,0.006410
0.032301,-0.021943,0.009787
0.012286,-0.033505,0.014044
0.013324,-0.011112,0.017441
0.027174,-0.016314,0.036812
0.028710,-0.017679,0.005184
0.022775,-0.030972,0.004991
0.030309,-0.016690,-0.002413
0.019067,-0.030607,-0.012600
0.029655,-0.024663,-0.044476
0.014541,-0.045972,-0.004508
0.011555,0.013264,-0.033037
0.032608,0.024553,-0.013800
0.033621,0.047563,-0.019088
0.042439,-0.008879,-0.020178
-0.006921,-0.013809,-0.050562
-0.025980,-0.052178,0.013643
-0.063290,0.020646,0.005233
0.059259,0.030011,0.019669
-0.025699,0.054553,0.064998
-0.008027,-0.017335,-0.018598
-0.028791,-0.050324,-0.053538
-0.058999,-0.007118,0.001407
0.037578,-0.036217,-0.003146
-0.008115,-0.001929,-0.023751
-0.021554,-0.015234,-0.044581
-0.058310,-0.058470,-0.002102
0.010079,0.019663,-0.037176
0.032071,0.037982,-0.000777
0.042270,0.019616,0.018737
0.009677,0.067239,0.056722
0.059593,-0.017100,-0.001518
-0.051113,-0.021527,-0.009201
0.010986,-0.068633,-0.035319
-0.009815,0.027788,-0.049320
-0.012039,0.013847,0.031328
-0.020294,0.039538,0.031416
-0.027184,0.009173,0.043638
-0.028236,0.027417,-0.001110
-0.018836,0.024664,0.009642
-0.032222,0.037965,0.034444
-0.002253,0.009966,0.035017
0.001348,0.034751,0.021146
0.021656,0.024408,0.066884
0.063769,0.071153,-0.026795
-0.013292,-0.017550,0.002830
-0.040414,-0.045448,-0.002672
-0.026228,-0.005696,-0.031133
-0.041693,-0.032739,-0.029719
-0.018169,-0.045526,-0.047395
-0.068574,-0.013003,-0.010350
0.029021,-0.057398,-0.034677
0.000178,0.035354,-0.044336
0.015886,0.000750,0.023692
0.039543,0.014987,0.044522
0.015173,0.063854,0.003020
0.068356,-0.041261,0.039905
-0.055198,0.034742,-0.012626
0.048717,-0.005675,-0.015578
-0.020098,-0.002523,-0.037649
-0.051197,-0.025281,-0.012248
0.009160,-0.060702,-0.044486
-0.010674,0.033362,-0.023527
-0.010016,0.008831,-0.027600
-0.020914,0.008576,-0.030095
-0.047212,0.003502,-0.024801
0.013395,-0.015632,-0.041312
0.022146,-0.046681,-0.008370
0.023289,0.016207,-0.042246
0.050308,0.032431,0.010277
-0.003556,0.042652,0.043303
0.014989,0.011268,0.017611
0.042353,0.037810,0.048492
0.020063,0.039879,0.005079
0.068165,0.013029,0.033086
-0.028849,0.064904,0.030815
0.002971,-0.044160,0.057331
-0.012110,0.025688,-0.059009
-0.019062,0.014874,0.053328
-0.035475,0.046985,-0.021023
0.007261,-0.031174,-0.028016
0.000374,-0.032381,-0.048239
-0.017709,-0.038533,-0.000833
-0.061650,-0.014050,-0.022143
0.039273,-0.061523,-0.057163
-0.027521,0.041139,0.007878
-0.013235,-0.004909,0.038030
-0.032198,-0.003473,0.005953
-0.024454,-0.017053,0.010887
-0.049512,-0.045296,0.016283
-0.003450,-0.002775,0.013808
-0.008947,-0.003183,0.031455
-0.021410,-0.000107,0.022752
-0.047724,0.000191,0.044475
0.016428,-0.000627,-0.008630
0.038534,0.001100,-0.020127
0.007410,0.008767,-0.045646
0.019819,0.008216,0.013893
0.052189,0.030882,0.038317
-0.007427,0.056331,0.026435
0.011729,-0.028351,0.064589
0.017098,-0.006774,-0.059157
0.034537,-0.030216,0.038913
0.004260,-0.003270,-0.006422
0.008229,-0.008539,-0.016778
0.014567,-0.023267,-0.043974
0.020997,-0.054171,-0.005763
0.022423,0.034601,-0.039814
0.061697,0.011472,0.013617
-0.041100,0.052535,0.041379
0.026607,-0.025518,0.025275
0.024887,-0.021693,0.028140
0.031056,-0.030458,0.023115
0.011673,-0.009119,0.031055
0.024903,-0.007561,0.021772
0.037765,-0.002520,0.045409
0.010715,0.021698,-0.007944
0.036072,0.049044,-0.007609
0.037894,-0.007777,0.008133
0.005915,-0.003252,0.017453
0.013388,0.000013,0.040399
0.034038,0.017961,0.004083
0.027800,0.055651,0.020444
0.062379,-0.016981,0.078097
-0.053733,0.006223,-0.018643
0.030654,-0.009246,-0.044150
0.019877,-0.026605,0.002473
0.034346,-0.028937,-0.006396
0.003091,-0.021495,-0.028043
-0.004758,-0.056924,-0.043542
-0.042016,0.020005,-0.024591
0.009233,0.025629,-0.033301
0.033226,0.030699,-0.007102
0.035551,0.035308,0.000030
0.032654,0.027439,0.019504
0.036619,0.051780,0.061987
0.041433,0.009064,-0.020490
0.004441,0.028652,-0.042387
0.022825,0.018844,0.015896
0.055643,0.057962,0.048569
-0.001632,-0.003849,0.015634
-0.005044,-0.004537,0.035375
-0.012560,-0.000736,0.012897
-0.029755,-0.001649,0.029840
-0.028187,-0.003914,0.026340
-0.033244,-0.009974,0.033654
-0.023818,-0.023710,0.012884
-0.054263,-0.046954,0.017759
0.007153,0.000099,0.016271
0.017966,0.008046,0.039310
0.048945,0.038329,0.010931
0.002684,0.028314,0.047747
0.022962,0.049112,0.000127
0.069661,-0.009730,0.026008
-0.037006,0.008626,0.036433
-0.005383,0.020434,0.015352
-0.001886,0.052181,0.046654
0.023913,-0.009841,0.014445
0.038626,-0.010743,0.030814
0.003815,-0.002540,0.022884
0.008996,0.002827,0.044206
0.025134,0.024493,-0.003834
0.051959,0.048537,0.004337
0.000251,0.002713,0.037236
0.003819,0.018984,0.012339
0.019241,0.050776,0.039185
0.073351,-0.001929,0.032659
-0.023949,0.030724,0.024615
-0.026146,0.026762,0.055310
-0.021339,0.045734,-0.020172
-0.027120,-0.023187,-0.026430
-0.048071,-0.062410,-0.049756
-0.018756,0.016614,-0.014643
-0.037270,0.028592,-0.027643
0.002027,0.010000,-0.021473
0.008772,0.017428,-0.043556
0.027510,0.030075,0.013295
0.049926,0.041693,0.048201
0.003883,0.033021,0.008094
0.026199,0.025039,0.036057
0.051680,0.060883,0.027618
0.008256,-0.019139,0.066991
0.013519,-0.020679,-0.048981
0.019535,-0.061264,0.007451
0.016450,0.055477,-0.011840
0.066478,-0.031108,0.000252
-0.056593,-0.003378,-0.011629
0.033044,-0.030817,-0.032323
0.003967,-0.026076,-0.036473
-0.005377,-0.048488,-0.025634
-0.038382,0.005597,-0.063223
-0.008592,-0.020485,0.049714
-0.028301,-0.035273,-0.029539
-0.051445,-0.034943,-0.048424
0.003111,-0.049740,-0.004262
-0.017645,0.018544,-0.034905
-0.034663,0.026822,-0.008152
-0.004118,0.021596,-0.007814
0.000562,0.044387,-0.008091
0.023133,-0.008639,0.002876
0.040513,-0.011985,0.003713
-0.002674,-0.013914,0.004912
-0.013105,-0.032523,0.004653
-0.047363,-0.025056,-0.005790
0.000427,-0.057809,-0.028740
-0.029321,0.028784,-0.060165
-0.018510,0.001348,0.056781
-0.040744,0.015981,-0.036014
0.003608,0.012625,-0.007937
0.014543,0.028742,-0.012484
0.048519,0.031964,-0.014751
-0.000764,0.034831,-0.016862
0.014747,0.010844,-0.022940
0.039534,0.023196,-0.038992
0.015122,0.044719,0.006804
0.058856,0.000385,0.039385
-0.038562,0.033668,0.008967
0.009484,0.009634,0.036346
0.029310,0.038312,0.018388
0.049996,0.024296,0.064586
-0.004163,0.080102,-0.030926
0.028551,-0.020172,0.013787
0.022338,-0.034119,0.024307
0.030745,-0.002873,0.025940
0.026349,0.012026,0.038078
0.044916,0.050230,0.016286
0.018536,0.000301,0.066301
0.047786,0.028998,-0.040398
-0.001777,0.033128,0.013479
0.012989,0.024691,0.048704
0.045838,0.061529,-0.003456
0.020992,-0.032987,0.024794
0.034553,-0.005866,0.025274
0.015714,0.005917,0.038364
0.042449,0.032173,0.012017
0.015192,0.041229,0.046942
0.059287,0.022133,0.009136
-0.030231,0.069887,0.035876
0.009019,-0.031018,0.047654
0.008438,-0.006945,-0.028998
0.015254,-0.023458,-0.033716
0.023057,-0.050066,-0.030352
0.018320,0.017275,-0.051309
0.049876,0.030308,0.032233
-0.002486,0.054902,0.040580
0.023535,-0.018574,0.030301
0.035956,-0.026464,0.019442
0.001769,-0.018259,0.035051
-0.003147,-0.031383,0.007153
-0.022859,-0.023628,0.001255
-0.057096,-0.050706,-0.009956
0.010667,-0.001113,-0.052014
0.022346,-0.016444,0.024341
0.039565,-0.023755,0.034696
-0.004742,-0.018448,0.007142
-0.020205,-0.043309,0.007614
-0.069585,-0.000646,-0.004458
0.033077,-0.026227,-0.014462
0.007076,-0.031088,-0.046039
-0.000927,-0.038657,-0.005112
-0.021802,-0.009583,-0.031597
-0.054244,-0.040713,-0.030334
0.007823,-0.030848,-0.050540
0.000754,-0.040481,0.005808
-0.018148,-0.001024,-0.006316
-0.044218,-0.010602,-0.016521
-0.000401,-0.045596,-0.047013
-0.026108,-0.006785,-0.010411
-0.041490,-0.028396,-0.029590
-0.016476,-0.055799,-0.045523
-0.069568,0.012748,-0.019878
0.039042,0.000665,-0.044633
0.004750,-0.000274,0.009003
0.011671,0.003928,0.021625
0.030950,0.020491,0.050842
0.038786,0.076258,-0.009769
0.044904,-0.007996,0.016710
-0.010528,0.001419,0.038201
-0.022553,0.012616,0.008845
-0.039325,0.025596,0.026329
0.008140,0.034468,0.047879
0.039090,0.036261,0.003162
0.024824,0.027384,0.027646
0.055719,0.052015,0.048833
-0.004775,0.010483,0.012035
-0.005575,0.027484,0.033777
0.002102,0.043688,0.032701
0.028504,0.007144,0.043760
0.037606,0.041170,0.000367
0.030687,0.014221,0.023343
0.034904,0.052012,0.052831
0.045193,0.004884,0.001433
-0.005542,0.027219,0.008128
0.000766,0.035782,0.032767
0.021361,0.025623,0.039583
0.063716,0.059051,0.019236
-0.017168,-0.013540,0.078704
-0.043884,-0.011861,-0.019447
-0.001977,-0.049470,-0.054623
-0.032192,-0.000584,0.005768
-0.023032,-0.010203,0.011890
-0.049437,-0.028110,0.022177
0.005256,-0.041876,0.030449
-0.006847,0.012027,0.006521
-0.010032,0.028648,0.021263
-0.008600,0.035247,0.062981
0.000209,0.033851,-0.032218
0.015815,0.008394,-0.006030
0.041708,0.023331,-0.009431
0.011470,0.054976,-0.008798
0.054472,-0.030556,0.007025
-0.045169,-0.006442,0.004242
0.004990,-0.029045,0.004663
-0.002358,-0.027337,-0.003123
-0.019463,-0.036465,-0.021253
-0.065832,-0.026385,-0.068390
0.025985,-0.081655,0.019996
-0.001958,0.020091,0.008283
0.005779,0.050147,0.029753
0.040380,-0.008057,0.054222
0.002135,0.012269,-0.031655
0.009657,0.019495,-0.018072
0.031934,0.043808,-0.032979
0.043902,-0.005094,0.002354
-0.007398,0.003239,0.005276
-0.015805,0.007038,0.013864
-0.033577,0.016181,0.035878
-0.009833,0.039456,0.020627
-0.002753,0.009260,0.068556
0.001476,0.044075,-0.031590
0.023987,-0.015421,-0.002356
0.034818,-0.029661,-0.012146
0.001313,-0.021523,-0.042130
-0.009728,-0.062145,-0.009964
-0.054831,0.042023,-0.055383
0.049344,-0.037216,0.050691
-0.034053,0.022327,-0.037342
-0.009282,0.022818,-0.001254
-0.010848,0.041931,0.007947
-0.004575,-0.001223,0.039424
-0.009579,0.008692,0.004898
-0.018312,0.019223,0.015577
-0.033393,0.045051,0.045941
0.004664,-0.003535,0.011010
0.009935,-0.003226,0.024791
0.023381,0.003861,0.039608
0.048006,0.030229,0.008398
0.000751,0.046524,0.037595
0.026938,0.001543,0.033410
0.038033,0.023805,0.022236
0.022077,0.063171,0.060639
0.081831,-0.021387,-0.012297
-0.015650,-0.025687,-0.036005
-0.052062,-0.055802,-0.027539
-0.004797,0.006887,-0.064658
-0.011260,-0.006684,0.048607
-0.027833,-0.003532,-0.020125
-0.036224,-0.024432,-0.051276
-0.028169,-0.070750,0.008574
-0.067593,0.024306,-0.016284
0.049724,0.013925,-0.030160
-0.013436,0.039816,-0.018438
-0.013140,-0.005824,-0.024849
-0.035573,-0.026588,-0.044155
-0.030447,-0.063004,-0.009498
-0.059179,0.036042,-0.055734
0.056731,-0.024481,0.048322
-0.045467,-0.006448,-0.024941
0.004240,-0.038887,-0.045863
-0.011598,-0.020896,-0.009573
-0.038658,-0.057018,-0.033916
-0.037773,0.012139,-0.049349
-0.006083,-0.000016,0.022175
-0.013443,0.005326,0.046667
-0.027146,0.023808,-0.009590
-0.023669,0.030830,-0.012383
-0.028612,0.014269,-0.015376
-0.025224,0.019454,-0.031059
-0.031516,0.027754,-0.017272
-0.011631,0.017377,-0.028995
-0.020572,0.028006,-0.022566
-0.036313,0.018659,-0.033071
-0.005501,0.021485,-0.013413
-0.003080,0.042324,-0.021602
0.012718,-0.009424,-0.027342
0.024329,-0.027407,-0.038702
0.026190,-0.039260,-0.019951
0.016753,-0.004050,-0.066024
0.034730,-0.026107,0.040950
0.005955,-0.012352,-0.009229
0.007602,-0.030625,-0.027945
0.001466,-0.033558,-0.048117
-0.015680,-0.035314,-0.001658
-0.055232,-0.021343,-0.022405
0.020267,-0.074848,-0.059862
0.008041,0.007840,0.006719
0.023483,0.023667,0.020388
0.056705,0.058037,0.061756
-0.003474,0.000720,-0.015805
-0.008737,-0.004705,-0.037603
-0.025123,-0.026696,-0.012882
-0.053922,-0.048838,-0.045404
0.002238,-0.016337,-0.018555
-0.003744,-0.044501,-0.052420
-0.033824,-0.012321,0.002899
-0.025143,-0.039767,-0.000919
-0.059812,-0.013604,-0.023338
0.035042,-0.060245,-0.053991
-0.016606,0.037729,0.000721
-0.020805,0.004496,0.019759
-0.046508,0.010400,0.048451
0.018824,0.025515,-0.012971
0.057117,0.040945,-0.017314
-0.016959,0.015369,-0.018070
-0.033767,0.025070,-0.036368
-0.008546,0.016679,-0.002197
-0.012203,0.036297,0.002659
-0.010896,0.010032,0.023897
-0.019841,0.028320,0.047333
-0.030913,0.041452,-0.000006
-0.005362,-0.009418,0.019166
-0.016570,-0.017917,0.040848
-0.046535,-0.034747,-0.007453
-0.006481,-0.034915,-0.037521
-0.034829,-0.031185,-0.028068
-0.033721,-0.046402,-0.050223
-0.045086,-0.017034,-0.004804
-0.000957,-0.057359,-0.022258
-0.032080,0.029408,-0.075510
-0.012369,-0.006177,0.032557
-0.031034,-0.008040,0.018450
-0.028896,-0.023419,0.038542
-0.040692,-0.040789,-0.005309
-0.023365,-0.017806,-0.035123
-0.054794,-0.062071,-0.026092
-0.001328,0.021450,-0.071389
0.003980,0.024475,0.039969
0.023753,0.056131,0.016872
0.072117,-0.020667,0.069593
-0.034424,-0.002179,-0.040331
-0.020799,-0.030127,-0.006380
-0.065113,-0.037026,-0.031359
0.024234,-0.043627,-0.046791
0.017902,-0.003206,-0.008726
0.040765,-0.004607,-0.021571
-0.000851,-0.004618,-0.048689
-0.006779,-0.027556,0.014064
-0.029283,-0.031686,0.019509
-0.044853,-0.027497,0.029340
-0.005039,-0.039425,0.013857
-0.031068,-0.002796,0.013168
-0.026456,-0.012652,0.028534
-0.041642,-0.029557,0.024127
-0.014007,-0.035167,0.025452
-0.049800,-0.012101,0.020860
0.014065,-0.038581,0.041335
0.016405,0.010714,-0.017418
0.043711,0.025279,-0.035470
0.006353,0.042305,-0.000367
0.036325,0.000845,0.020592
0.014599,0.020994,0.051475
0.047977,0.071829,-0.011850
0.020609,-0.016214,0.009980
0.041667,-0.028573,0.016784
-0.013073,-0.012199,0.027928
-0.035960,-0.024217,0.026470
-0.024805,-0.045261,0.022804
-0.062182,0.007552,0.021605
0.053532,0.004532,0.049010
-0.023279,0.045018,-0.012240
-0.022443,-0.019477,-0.007922
-0.056472,-0.056690,-0.029802
0.005189,0.006788,-0.059912
0.012806,-0.002011,0.046903
0.031960,0.015095,-0.012509
0.030507,0.042575,-0.020764
0.047308,0.001451,-0.026833
-0.013729,0.010295,-0.032752
-0.029317,0.009120,-0.017229
-0.026204,0.006291,-0.038101
-0.036105,-0.006393,-0.007065
-0.017223,-0.029675,-0.021894
-0.057113,-0.042087,-0.063349
0.012345,-0.039525,0.024633
0.010987,0.006829,0.021958
0.030781,0.027310,0.051464
0.042630,0.062117,-0.007855
0.028738,-0.036931,0.014408
0.013543,0.002684,0.017421
0.034594,0.016738,0.043674
0.027839,0.066111,0.005675
0.066777,-0.030758,0.048017
-0.053315,0.011808,-0.026849
0.032038,0.001511,-0.032566
0.022523,0.003437,-0.019779
0.046876,0.009132,-0.044446
-0.009737,0.022645,0.013180
-0.011301,0.047004,0.042348
-0.001401,-0.002036,0.021683
-0.003283,0.001892,0.047068
-0.004550,0.019120,-0.011757
-0.001907,0.040279,-0.018780
0.014642,-0.003203,-0.024858
0.032164,-0.011064,-0.041434
0.015493,-0.029544,-0.004855
0.022028,-0.025814,-0.025605
0.033144,-0.039471,-0.050585
-0.001511,-0.011439,0.002870
-0.009188,-0.026898,0.001066
